time_s,x_m,y_m,V_ms,Vx_ms,Vy_ms,theta_rad,alpha_rad,fuel_kg,mass_kg,acceleration_ms2,mach
0,0,300,83.3333,83.3333,0,0,0.05,0,155000,0,0.245719
60,5000,1500,200,195,10,0.05,0.04,500,154500,0.5,0.597927
180,20000,5000,208.333,207.293,20.7986,0.1,0.03,1500,153500,0.1,0.649935
